"location","date","new_cases","total_vaccinations","new_vaccinations"
"United States","2020-12-14",217153,50468,4848
"United States","2020-12-15",181275,98353,47885
"United States","2020-12-16",198204,258504,160151
"United States","2020-12-17",198650,533742,275238
"United States","2020-12-18",240266,954790,421048
"United States","2020-12-19",246505,1139003,184213
"United States","2020-12-20",235875,1246202,107199
"United States","2020-12-21",202289,1633303,387101
"United States","2020-12-22",186429,2084575,451272
"United States","2020-12-23",183553,2662880,578305
"United States","2020-12-24",197759,2860781,197901
"United States","2020-12-25",226200,2873624,12843
"United States","2020-12-26",202550,3017158,143534
"United States","2020-12-27",161342,3114027,96869
"United States","2020-12-28",147119,3711556,597529
"United States","2020-12-29",154342,4440692,729136
"United States","2020-12-30",176774,5289609,848917
"United States","2020-12-31",208904,5716312,426703
"United States","2021-01-01",235818,5854174,137862
"United States","2021-01-02",229492,6123124,268950
"United States","2021-01-03",228546,6264523,141399
"United States","2021-01-04",225318,6930229,665706
"United States","2021-01-05",205458,7771008,840779
"United States","2021-01-06",174314,8801611,1030603
"United States","2021-01-07",242441,9979326,1177715
"United States","2021-01-08",257750,11224067,1244741
"United States","2021-01-09",269765,11736696,512629
"United States","2021-01-10",292105,11989784,253088
"United States","2021-01-11",256294,13068929,1079145
"United States","2021-01-12",224484,14334853,1265924
"United States","2021-01-13",204122,15669707,1334854
"United States","2021-01-14",217776,16995452,1325745
"United States","2021-01-15",226378,18264041,1268589
"United States","2021-01-16",223583,18915824,651783
"United States","2021-01-17",237318,19218336,302512
"United States","2021-01-18",209511,20110141,891805
"United States","2021-01-19",186583,21463944,1353803
"United States","2021-01-20",154205,23079181,1615237
"United States","2021-01-21",150233,24726816,1647635
"United States","2021-01-22",188266,26373687,1646871
"United States","2021-01-23",187644,27287063,913376
"United States","2021-01-24",189419,27690932,403869
"United States","2021-01-25",165512,29075771,1384839
"United States","2021-01-26",141554,30746637,1670866
"United States","2021-01-27",135591,32684763,1938126
"United States","2021-01-28",145943,34655252,1970489
"United States","2021-01-29",158965,36580372,1925120
"United States","2021-01-30",156822,37602504,1022132
"United States","2021-01-31",164238,38066296,463792
"United States","2021-02-01",138823,39485009,1418713
"United States","2021-02-02",111938,41197818,1712809
"United States","2021-02-03",129043,43351693,2153875
"United States","2021-02-04",121330,45708674,2356981
"United States","2021-02-05",108669,48076553,2367879
"United States","2021-02-06",122620,49383802,1307249
"United States","2021-02-07",124827,49827294,443492
"United States","2021-02-08",110180,51414409,1587115
"United States","2021-02-09",92931,53396358,1981949
"United States","2021-02-10",80726,55714633,2318275
"United States","2021-02-11",91417,58136047,2421414
"United States","2021-02-12",98339,60741211,2605164
"United States","2021-02-13",99548,62219717,1478506
"United States","2021-02-14",97431,62811106,591389
"United States","2021-02-15",85221,64010045,1198939
"United States","2021-02-16",67413,65636435,1626390
"United States","2021-02-17",58066,67610948,1974513
"United States","2021-02-18",56871,69474219,1863271
"United States","2021-02-19",63770,71445759,1971540
"United States","2021-02-20",68568,72757200,1311441
"United States","2021-02-21",73576,73358924,601724
"United States","2021-02-22",65510,74828958,1470034
"United States","2021-02-23",56628,76775442,1946484
"United States","2021-02-24",55821,79311352,2535910
"United States","2021-02-25",70162,82257772,2946420
"United States","2021-02-26",72358,85379828,3122056
"United States","2021-02-27",71998,87376038,1996210
"United States","2021-02-28",73274,88232689,856651
"United States","2021-03-01",68298,90330534,2097845
"United States","2021-03-02",52570,92805077,2474543
"United States","2021-03-03",51114,95721666,2916589
"United States","2021-03-04",53761,98931744,3210078
"United States","2021-03-05",66043,102173757,3242013
"United States","2021-03-06",64859,104242436,2068679
"United States","2021-03-07",64094,105176040,933604
"United States","2021-03-08",57710,107350219,2174179
"United States","2021-03-09",43758,110074225,2724006
"United States","2021-03-10",42703,113219962,3145737
"United States","2021-03-11",54088,116688784,3468822
"United States","2021-03-12",61755,120141884,3453100
"United States","2021-03-13",59764,122343966,2202082
"United States","2021-03-14",64222,123329855,985889
"United States","2021-03-15",52274,125612278,2282423
"United States","2021-03-16",47230,128506033,2893755
"United States","2021-03-17",43532,131682691,3176658
"United States","2021-03-18",51806,135084905,3402214
"United States","2021-03-19",59588,138405274,3320369
"United States","2021-03-20",63099,140570830,2165556
"United States","2021-03-21",62022,141598741,1027911
"United States","2021-03-22",58456,143955592,2356851
"United States","2021-03-23",45228,147015330,3059738
"United States","2021-03-24",48228,150569265,3553935
"United States","2021-03-25",57684,154393853,3824588
"United States","2021-03-26",68021,158206894,3813041
"United States","2021-03-27",65367,160682919,2476025
"United States","2021-03-28",74834,161894806,1211887
"United States","2021-03-29",63203,164728895,2834089
"United States","2021-03-30",53256,168321927,3593032
"United States","2021-03-31",58014,172494725,4172798
"United States","2021-04-01",61789,177076502,4581777
"United States","2021-04-02",69567,180723033,3646531
"United States","2021-04-03",73685,183030847,2307814
"United States","2021-04-04",70446,183796134,765287
"United States","2021-04-05",63695,186899414,3103280
"United States","2021-04-06",45722,190874444,3975030
"United States","2021-04-07",56400,195235067,4360623
"United States","2021-04-08",63657,199738657,4503590
"United States","2021-04-09",74627,204055134,4316477
"United States","2021-04-10",75434,206950142,2895008
"United States","2021-04-11",76415,208353016,1402874
"United States","2021-04-12",68111,211379731,3026715
"United States","2021-04-13",53239,214865134,3485403
"United States","2021-04-14",60435,218574244,3709110
"United States","2021-04-15",72206,222334927,3760683
"United States","2021-04-16",70654,225950584,3615657
"United States","2021-04-17",71498,228320920,2370336
"United States","2021-04-18",71074,229457616,1136696
"United States","2021-04-19",77212,232049874,2592258
"United States","2021-04-20",49337,235289528,3239654
"United States","2021-04-21",35281,238781654,3492126
"United States","2021-04-22",57318,242291910,3510256
"United States","2021-04-23",63049,245604243,3312333
"United States","2021-04-24",61479,247820516,2216273
"United States","2021-04-25",62419,248816796,996280
"United States","2021-04-26",51698,251217978,2401182
"United States","2021-04-27",40847,254122446,2904468
"United States","2021-04-28",30199,257220868,3098422
"United States","2021-04-29",50313,260284037,3063169
"United States","2021-04-30",54396,263209607,2925570
"United States","2021-05-01",55643,265082725,1873118
"United States","2021-05-02",55311,265965311,882586
"United States","2021-05-03",48352,267938366,1973055
"United States","2021-05-04",36593,270449723,2511357
"United States","2021-05-05",32953,273013863,2564140
"United States","2021-05-06",42552,275549433,2535570
"United States","2021-05-07",44541,278072481,2523048
"United States","2021-05-08",42692,279615963,1543482
"United States","2021-05-09",44641,280233338,617375
"United States","2021-05-10",37021,281845756,1612418
"United States","2021-05-11",27538,283903317,2057561
"United States","2021-05-12",24383,285930430,2027113
"United States","2021-05-13",33073,288220296,2289866
"United States","2021-05-14",35784,290685802,2465506
"United States","2021-05-15",40435,292543580,1857778
"United States","2021-05-16",35116,293481568,937988
"United States","2021-05-17",29837,295313838,1832270
"United States","2021-05-18",21375,297397450,2083612
"United States","2021-05-19",19453,299495675,2098225
"United States","2021-05-20",27639,301525193,2029518
"United States","2021-05-21",27491,303597826,2072633
"United States","2021-05-22",27948,305053382,1455556
"United States","2021-05-23",27866,305713996,660614
"United States","2021-05-24",22224,307042685,1328689
"United States","2021-05-25",16030,308489320,1446635
"United States","2021-05-26",14761,309934797,1445477
"United States","2021-05-27",24571,311292638,1357841
"United States","2021-05-28",23475,312634870,1342232
"United States","2021-05-29",21970,313406009,771139
"United States","2021-05-30",24780,313793224,387215
"United States","2021-05-31",15628,313997712,204488
"United States","2021-06-01",12350,315286109,1288397
"United States","2021-06-02",9408,316412601,1126492
"United States","2021-06-03",8935,317669791,1257190
"United States","2021-06-04",16048,319086318,1416527
"United States","2021-06-05",18151,320166407,1080089
"United States","2021-06-06",18592,320687243,520836
"United States","2021-06-07",14734,321768537,1081294
"United States","2021-06-08",11084,322951685,1183148
"United States","2021-06-09",9898,324126137,1174452
"United States","2021-06-10",14314,325303229,1177092
"United States","2021-06-11",19640,326544221,1240992
"United States","2021-06-12",15924,327443326,899105
"United States","2021-06-13",13971,327839088,395762
"United States","2021-06-14",12350,328759101,920013
"United States","2021-06-15",8721,329744485,985384
"United States","2021-06-16",8275,330695630,951145
"United States","2021-06-17",12616,331595411,899781
"United States","2021-06-18",13220,332523845,928434
"United States","2021-06-19",13484,333101435,577590
"United States","2021-06-20",11961,333379912,278477
"United States","2021-06-21",12350,333945577,565665
"United States","2021-06-22",9047,334705734,760157
"United States","2021-06-23",8568,335446508,740774
"United States","2021-06-24",13288,336150148,703640
"United States","2021-06-25",13841,336921541,771393
"United States","2021-06-26",15572,337423329,501788
"United States","2021-06-27",14971,337692191,268862
"United States","2021-06-28",13294,338249878,557687
"United States","2021-06-29",10676,338880595,630717
"United States","2021-06-30",10438,339517243,636648
"United States","2021-07-01",15514,340134935,617692
"United States","2021-07-02",11639,340758805,623870
"United States","2021-07-03",18586,341117662,358857
"United States","2021-07-04",16890,341168658,50996
"United States","2021-07-05",13189,341567690,399032
"United States","2021-07-06",10459,342154834,587144
"United States","2021-07-07",9147,342728862,574028
"United States","2021-07-08",19962,343296740,567878
"United States","2021-07-09",22636,343931531,634791
"United States","2021-07-10",183538,344333935,402404
"United States","2021-07-11",27579,344551459,217524
"United States","2021-07-12",20875,345074839,523380
"United States","2021-07-13",16722,345604611,529772
"United States","2021-07-14",28892,346139725,535114
"United States","2021-07-15",34978,346684121,544396
"United States","2021-07-16",38299,347309592,625471
"United States","2021-07-17",40555,347710722,401130
"United States","2021-07-18",42258,347945224,234502
"United States","2021-07-19",32139,348514545,569321
"United States","2021-07-20",27993,349119207,604662
"United States","2021-07-21",45195,349752329,633122
"United States","2021-07-22",51040,350406377,654048
"United States","2021-07-23",61313,351154305,747928
"United States","2021-07-24",71708,351617554,463249
"United States","2021-07-25",69639,351877915,260361
"United States","2021-07-26",53795,352524039,646124
"United States","2021-07-27",43206,353228600,704561
"United States","2021-07-28",71245,353952553,723953
"United States","2021-07-29",85805,354676925,724372
"United States","2021-07-30",89149,355518404,841479
"United States","2021-07-31",99367,356038132,519728
"United States","2021-08-01",104519,356377861,339729
"United States","2021-08-02",80567,357103617,725756
"United States","2021-08-03",61188,357871567,767950
"United States","2021-08-04",102409,358655216,783649
"United States","2021-08-05",110283,359454531,799315
"United States","2021-08-06",126833,360370503,915972
"United States","2021-08-07",127854,360934260,563757
"United States","2021-08-08",133922,361288186,353926
"United States","2021-08-09",120252,362077715,789529
"United States","2021-08-10",96790,362884577,806862
"United States","2021-08-11",93050,363660453,775876
"United States","2021-08-12",135427,364471389,810936
"United States","2021-08-13",143479,365426585,955196
"United States","2021-08-14",151161,366056949,630364
"United States","2021-08-15",146305,366460189,403240
"United States","2021-08-16",139848,367337157,876968
"United States","2021-08-17",110712,368268534,931377
"United States","2021-08-18",108955,369229359,960825
"United States","2021-08-19",150448,370182079,952720
"United States","2021-08-20",168162,371298518,1116439
"United States","2021-08-21",174382,371971796,673278
"United States","2021-08-22",167459,372365945,394149
"United States","2021-08-23",141824,373291909,925964
"United States","2021-08-24",124481,374248369,956460
"United States","2021-08-25",120825,375221664,973295
"United States","2021-08-26",162414,376218132,996468
"United States","2021-08-27",176904,377396086,1177954
"United States","2021-08-28",186271,378113144,717058
"United States","2021-08-29",182171,378546537,433393
"United States","2021-08-30",150022,379485003,938466
"United States","2021-08-31",115672,380429513,944510
"United States","2021-09-01",138600,381382994,953481
"United States","2021-09-02",176801,382283529,900535
"United States","2021-09-03",197627,383328951,1045422
"United States","2021-09-04",183417,383891281,562330
"United States","2021-09-05",182112,384258974,367693
"United States","2021-09-06",141762,384437087,178113
"United States","2021-09-07",123082,385353978,916891
"United States","2021-09-08",116004,386206174,852196
"United States","2021-09-09",114676,387061507,855333
"United States","2021-09-10",171241,388104721,1043214
"United States","2021-09-11",183714,388709179,604458
"United States","2021-09-12",172091,389063721,354542
"United States","2021-09-13",153543,389850754,787033
"United States","2021-09-14",113838,390607594,756840
"United States","2021-09-15",118971,391378996,771402
"United States","2021-09-16",162147,392146951,767955
"United States","2021-09-17",163128,393055398,908447
"United States","2021-09-18",167335,393580013,524615
"United States","2021-09-19",158492,393890824,310811
"United States","2021-09-20",122574,394595089,704265
"United States","2021-09-21",94644,395278874,683785
"United States","2021-09-22",98378,395949782,670908
"United States","2021-09-23",132981,396631061,681279
"United States","2021-09-24",132730,397621884,990823
"United States","2021-09-25",138256,398297437,675553
"United States","2021-09-26",132731,398708697,411260
"United States","2021-09-27",96166,399742996,1034299
"United States","2021-09-28",75238,400882294,1139298
"United States","2021-09-29",107319,402030070,1147776
"United States","2021-09-30",115452,403204153,1174083
"United States","2021-10-01",116797,404555441,1351288
"United States","2021-10-02",124042,405189746,634305
"United States","2021-10-03",120674,405558325,368579
"United States","2021-10-04",81968,406550550,992225
"United States","2021-10-05",66639,407575421,1024871
"United States","2021-10-06",91816,408616886,1041465
"United States","2021-10-07",101799,409659044,1042158
"United States","2021-10-08",118223,410828133,1169089
"United States","2021-10-09",113038,411367007,538874
"United States","2021-10-10",108501,411684148,317141
"United States","2021-10-11",70589,412543407,859259
"United States","2021-10-12",58449,413480122,936715
"United States","2021-10-13",77961,414397568,917446
"United States","2021-10-14",89638,415317935,920367
"United States","2021-10-15",96312,416383197,1065262
"United States","2021-10-16",96871,416878985,495788
"United States","2021-10-17",92417,417150471,271486
"United States","2021-10-18",63002,417989866,839395
"United States","2021-10-19",47645,418821317,831451
"United States","2021-10-20",72322,419668070,846753
"United States","2021-10-21",80595,420538139,870069
"United States","2021-10-22",76534,421928294,1390155
"United States","2021-10-23",87571,422761685,833391
"United States","2021-10-24",80874,423237304,475619
"United States","2021-10-25",36114,424775476,1538172
"United States","2021-10-26",28057,426352164,1576688
"United States","2021-10-27",84460,427987962,1635798
"United States","2021-10-28",101787,429611718,1623756
"United States","2021-10-29",84199,431416044,1804326
"United States","2021-10-30",103121,432241418,825374
"United States","2021-10-31",88448,432682634,441216
"United States","2021-11-01",34950,434188925,1506291
"United States","2021-11-02",25347,435706739,1517814
"United States","2021-11-03",117847,437292792,1586053
"United States","2021-11-04",74593,438952515,1659723
"United States","2021-11-05",78766,440891789,1939274
"United States","2021-11-06",88850,441943005,1051216
"United States","2021-11-07",89858,442506916,563911
"United States","2021-11-08",35987,443990754,1483838
"United States","2021-11-09",31524,445649609,1658855
"United States","2021-11-10",116391,447446421,1796812
"United States","2021-11-11",82883,449064472,1618051
"United States","2021-11-12",93749,451077281,2012809
"United States","2021-11-13",73647,452265771,1188490
"United States","2021-11-14",122999,452850774,585003
"United States","2021-11-15",69276,454422505,1571731
"United States","2021-11-16",33593,456125159,1702654
"United States","2021-11-17",133590,457907050,1781891
"United States","2021-11-18",96915,459716905,1809855
"United States","2021-11-19",105810,461818190,2101285
"United States","2021-11-20",123870,463065911,1247721
"United States","2021-11-21",113822,463719983,654072
"United States","2021-11-22",46194,465557452,1837469
"United States","2021-11-23",38751,467367157,1809705
"United States","2021-11-24",145378,468770932,1403775
"United States","2021-11-25",101066,468800525,29593
"United States","2021-11-26",106535,470022050,1221525
"United States","2021-11-27",72723,470925809,903759
"United States","2021-11-28",81747,471524229,598420
"United States","2021-11-29",51800,473209140,1684911
"United States","2021-11-30",56537,475161508,1952368
"United States","2021-12-01",93479,477370837,2209329
"United States","2021-12-02",120690,479568318,2197481
"United States","2021-12-03",133075,482047790,2479472
"United States","2021-12-04",143869,483549682,1501892
"United States","2021-12-05",151567,484289046,739364
"United States","2021-12-06",67352,486144144,1855098
"United States","2021-12-07",55314,488077793,1933649
"United States","2021-12-08",184043,490027226,1949433
"United States","2021-12-09",125548,491975536,1948310
"United States","2021-12-10",129708,494116999,2141463
"United States","2021-12-11",137431,495387747,1270748
"United States","2021-12-12",135573,496026495,638748
"United States","2021-12-13",63967,497661346,1634851
"United States","2021-12-14",58109,499402632,1741286
"United States","2021-12-15",185683,501144913,1742281
"United States","2021-12-16",125442,502854525,1709612
"United States","2021-12-17",146477,504815550,1961025
"United States","2021-12-18",162668,505947076,1131526
"United States","2021-12-19",156763,506593781,646705
"United States","2021-12-20",87584,508454369,1860588
"United States","2021-12-21",102213,510447413,1993044
"United States","2021-12-22",266159,512331805,1884392
"United States","2021-12-23",203318,513808865,1477060
"United States","2021-12-24",237883,514192705,383840
"United States","2021-12-25",278812,514199722,7017
"United States","2021-12-26",241450,514683134,483412
"United States","2021-12-27",115824,516223913,1540779
"United States","2021-12-28",211284,517933952,1710039
"United States","2021-12-29",464495,519626497,1692545
"United States","2021-12-30",389514,521176784,1550287
"United States","2021-12-31",474309,521797692,620908
"United States","2022-01-01",584647,521918004,120312
"United States","2022-01-02",471965,522418645,500641
"United States","2022-01-03",302957,523671276,1252631
"United States","2022-01-04",390858,525094724,1423448
"United States","2022-01-05",902391,526556546,1461822
"United States","2022-01-06",732514,528030730,1474184
"United States","2022-01-07",702790,529692905,1662175
"United States","2022-01-08",798436,530748218,1055313
"United States","2022-01-09",852951,531249385,501167
"United States","2022-01-10",448743,532518009,1268624
"United States","2022-01-11",486541,533834532,1316523
"United States","2022-01-12",1265520,535157096,1322564
"United States","2022-01-13",803539,536459113,1302017
"United States","2022-01-14",855880,537939916,1480803
"United States","2022-01-15",892303,538735091,795175
"United States","2022-01-16",898407,539128831,393740
"United States","2022-01-17",465957,539959879,831048
"United States","2022-01-18",418737,540967964,1008085
"United States","2022-01-19",968465,541956732,988768
"United States","2022-01-20",856293,542902164,945432
"United States","2022-01-21",780466,543995187,1093023
"United States","2022-01-22",776490,544621478,626291
"United States","2022-01-23",776480,544955362,333884
"United States","2022-01-24",328564,545759030,803668
"United States","2022-01-25",314947,546569635,810605
"United States","2022-01-26",1011148,547369589,799954
"United States","2022-01-27",493232,548167302,797713
"United States","2022-01-28",545225,549131881,964579
"United States","2022-01-29",572820,549605781,473900
"United States","2022-01-30",523326,549872736,266955
"United States","2022-01-31",222172,550509505,636769
"United States","2022-02-01",158214,551133326,623821
"United States","2022-02-02",576521,551712410,579084
"United States","2022-02-03",296458,552239065,526655
"United States","2022-02-04",303405,552902416,663351
"United States","2022-02-05",350050,553345385,442969
"United States","2022-02-06",281890,553560912,215527
"United States","2022-02-07",104762,554050086,489174
"United States","2022-02-08",96578,554557634,507548
"United States","2022-02-09",305358,555075095,517461
"United States","2022-02-10",197921,555590555,515460
"United States","2022-02-11",196394,556220255,629700
"United States","2022-02-12",165790,556569334,349079
"United States","2022-02-13",155309,556723665,154331
"United States","2022-02-14",67888,557069849,346184
"United States","2022-02-15",47904,557476940,407091
"United States","2022-02-16",174293,557896546,419606
"United States","2022-02-17",108080,558309529,412983
"United States","2022-02-18",105714,558841815,532286
"United States","2022-02-19",100475,559126887,285072
"United States","2022-02-20",103802,559282790,155903
"United States","2022-02-21",40797,559603106,320316
"United States","2022-02-22",31174,559960737,357631
"United States","2022-02-23",48413,560308460,347723
"United States","2022-02-24",115022,560642108,333648
"United States","2022-02-25",73662,561041040,398932
"United States","2022-02-26",75062,561286587,245547
"United States","2022-02-27",74142,561411021,124434
"United States","2022-02-28",25662,561731241,320220
"United States","2022-03-01",18169,562016477,285236
"United States","2022-03-02",76237,562278498,262021
"United States","2022-03-03",63819,562536557,258059
"United States","2022-03-04",52784,562860566,324009
"United States","2022-03-05",51622,563044675,184109
"United States","2022-03-06",44216,563134718,90043
"United States","2022-03-07",14292,563349201,214483
"United States","2022-03-08",8941,563566957,217756
"United States","2022-03-09",57277,563783622,216665
"United States","2022-03-10",31172,564000370,216748
"United States","2022-03-11",46110,564263628,263258
"United States","2022-03-12",39598,564407241,143613
"United States","2022-03-13",36942,564482230,74989
"United States","2022-03-14",12159,564680597,198367
"United States","2022-03-15",9126,564888705,208108
"United States","2022-03-16",60969,565100185,211480
"United States","2022-03-17",24495,565301461,201276
"United States","2022-03-18",37828,565558018,256557
"United States","2022-03-19",33159,565704746,146728
"United States","2022-03-20",31004,565781754,77008
"United States","2022-03-21",9881,565973887,192133
"United States","2022-03-22",10038,566159708,185821
"United States","2022-03-23",38828,566355586,195878
"United States","2022-03-24",24771,566547055,191469
"United States","2022-03-25",45160,566782151,235096
"United States","2022-03-26",36077,566907330,125179
"United States","2022-03-27",28714,566972545,65215
"United States","2022-03-28",12511,567147602,175057
"United States","2022-03-29",9753,567347383,199781
"United States","2022-03-30",32427,567752614,405231
"United States","2022-03-31",24078,568312182,559568
"United States","2022-04-01",48239,568979449,667267
"United States","2022-04-02",40063,569327368,347919
"United States","2022-04-03",27393,569538505,211137
"United States","2022-04-04",11677,570102675,564170
"United States","2022-04-05",10548,570662195,559520
"United States","2022-04-06",26930,571244170,581975
"United States","2022-04-07",33374,571832114,587944
"United States","2022-04-08",42256,572511686,679572
"United States","2022-04-09",33806,572852561,340875
"United States","2022-04-10",42601,573050619,198058
"United States","2022-04-11",14053,573635515,584896
"United States","2022-04-12",17314,574255670,620155
"United States","2022-04-13",34571,574843355,587685
"United States","2022-04-14",28789,575437749,594394
"United States","2022-04-15",46149,576010808,573059
"United States","2022-04-16",62708,576272817,262009
"United States","2022-04-17",44355,576333501,60684
"United States","2022-04-18",16817,576853355,519854
"United States","2022-04-19",18767,577401120,547765
"United States","2022-04-20",36003,577942563,541443
"United States","2022-04-21",53418,578452888,510325
"United States","2022-04-22",57408,578954304,501416
"United States","2022-04-23",49509,579217040,262736
"United States","2022-04-24",68799,579352566,135526
"United States","2022-04-25",23458,579784139,431573
"United States","2022-04-26",21103,580244877,460738
"United States","2022-04-27",49858,580724865,479988
"United States","2022-04-28",64414,581208935,484070
"United States","2022-04-29",77145,581725064,516129
"United States","2022-04-30",61915,581969320,244256
"United States","2022-05-01",80656,582105667,136347
"United States","2022-05-02",25939,582501777,396110
"United States","2022-05-03",26774,582926063,424286
"United States","2022-05-04",64100,583347637,421574
"United States","2022-05-05",72566,583762706,415069
"United States","2022-05-06",100537,584220928,458222
"United States","2022-05-07",80010,584429134,208206
"United States","2022-05-08",95732,584521044,91910
"United States","2022-05-09",27518,584914317,393273
"United States","2022-05-10",31753,585340252,425935
"United States","2022-05-11",100982,585767899,427647
"United States","2022-05-12",100249,586205590,437691
"United States","2022-05-13",127795,586682307,476717
"United States","2022-05-14",98705,586923096,240789
"United States","2022-05-15",117953,587055539,132443
"United States","2022-05-16",29099,587445897,390358
"United States","2022-05-17",46227,587859971,414074
"United States","2022-05-18",123395,588284128,424157
"United States","2022-05-19",129614,588728821,444693
"United States","2022-05-20",146420,589245260,516439
"United States","2022-05-21",109730,589517170,271910
"United States","2022-05-22",150010,589672496,155326
"United States","2022-05-23",36406,590113345,440849
"United States","2022-05-24",44879,590545030,431685
"United States","2022-05-25",110873,590964490,419460
"United States","2022-05-26",133342,591370905,406415
"United States","2022-05-27",153916,591821297,450392
"United States","2022-05-28",113174,592023979,202682
"United States","2022-05-29",148130,592137372,113393
"United States","2022-05-30",36051,592169657,32285
"United States","2022-05-31",35465,592549109,379452
"United States","2022-06-01",55525,592925569,376460
"United States","2022-06-02",155982,593289019,363450
"United States","2022-06-03",140951,593693735,404716
"United States","2022-06-04",111559,593887053,193318
"United States","2022-06-05",140094,593994792,107739
"United States","2022-06-06",47471,594316453,321661
"United States","2022-06-07",43315,594637210,320757
"United States","2022-06-08",99664,594961848,324638
"United States","2022-06-09",152307,595276977,315129
"United States","2022-06-10",144559,595626439,349462
"United States","2022-06-11",105965,595789983,163544
"United States","2022-06-12",147763,595877362,87379
"United States","2022-06-13",37707,596148394,271032
"United States","2022-06-14",38721,596428503,280109
"United States","2022-06-15",91358,596713598,285095
"United States","2022-06-16",138010,596996739,283141
"United States","2022-06-17",143175,597297646,300907
"United States","2022-06-18",97574,597429806,132160
"United States","2022-06-19",125711,597492627,62821
"United States","2022-06-20",35853,597728913,236286
"United States","2022-06-21",35517,597999848,270935
"United States","2022-06-22",52244,598287185,287337
"United States","2022-06-23",186492,598574623,287438
"United States","2022-06-24",134198,598885852,311229
"United States","2022-06-25",101869,599049651,163799
"United States","2022-06-26",163464,599129200,79549
"United States","2022-06-27",44012,599383974,254774
"United States","2022-06-28",44178,599652426,268452
"United States","2022-06-29",96530,599926759,274333
"United States","2022-06-30",154793,600209859,283100
"United States","2022-07-01",148959,600491056,281197
"United States","2022-07-02",112856,600605915,114859
"United States","2022-07-03",172444,600665121,59206
"United States","2022-07-04",48178,600678310,13189
"United States","2022-07-05",46196,600931387,253077
"United States","2022-07-06",45747,601198869,267482
"United States","2022-07-07",169689,601473370,274501
"United States","2022-07-08",145751,601781861,308491
"United States","2022-07-09",120595,601929618,147757
"United States","2022-07-10",167613,602008303,78685
"United States","2022-07-11",55577,602279526,271223
"United States","2022-07-12",57136,602582714,303188
"United States","2022-07-13",113656,602930737,348023
"United States","2022-07-14",184135,603299076,368339
"United States","2022-07-15",156001,603716134,417058
"United States","2022-07-16",138983,603930168,214034
"United States","2022-07-17",182741,604046436,116268
"United States","2022-07-18",57577,604408072,361636
"United States","2022-07-19",56070,604769565,361493
"United States","2022-07-20",101687,605115695,346130
"United States","2022-07-21",179375,605481860,366165
"United States","2022-07-22",158884,605897195,415335
"United States","2022-07-23",148445,606099785,202590
"United States","2022-07-24",206657,606199644,99859
"United States","2022-07-25",53259,606511647,312003
"United States","2022-07-26",54599,606834201,322554
"United States","2022-07-27",106403,607144582,310381
"United States","2022-07-28",168680,607453044,308462
"United States","2022-07-29",160831,607777244,324200
"United States","2022-07-30",144834,607918011,140767
"United States","2022-07-31",259377,607987438,69427
"United States","2022-08-01",37913,608231492,244054
"United States","2022-08-02",37944,608490580,259088
"United States","2022-08-03",119038,608744254,253674
"United States","2022-08-04",161349,608993926,249672
"United States","2022-08-05",149835,609261617,267691
"United States","2022-08-06",131403,609386096,124479
"United States","2022-08-07",150569,609450014,63918
"United States","2022-08-08",33241,609670908,220894
"United States","2022-08-09",32807,609899676,228768
"United States","2022-08-10",98627,610114731,215055
"United States","2022-08-11",137268,610332958,218227
"United States","2022-08-12",138358,610572962,240004
"United States","2022-08-13",125122,610680157,107195
"United States","2022-08-14",136195,610733034,52877
"United States","2022-08-15",30589,610930659,197625
"United States","2022-08-16",21098,611135493,204834
"United States","2022-08-17",99341,611337776,202283
"United States","2022-08-18",126626,611532626,194850
"United States","2022-08-19",120016,611745904,213278
"United States","2022-08-20",114305,611833778,87874
"United States","2022-08-21",132950,611877494,43716
"United States","2022-08-22",28624,612044423,166929
"United States","2022-08-23",27897,612220949,176526
"United States","2022-08-24",81700,612395636,174687
"United States","2022-08-25",115986,612566835,171199
"United States","2022-08-26",130588,612747240,180405
"United States","2022-08-27",110093,612825521,78281
"United States","2022-08-28",115441,612863903,38382
"United States","2022-08-29",29176,613005369,141466
"United States","2022-08-30",27073,613153914,148545
"United States","2022-08-31",78248,613288488,134574
"United States","2022-09-01",116212,613387308,98820
"United States","2022-09-02",120932,613477812,90504
"United States","2022-09-03",103592,613534191,56379
"United States","2022-09-04",105130,613577190,42999
"United States","2022-09-05",24912,613590568,13378
"United States","2022-09-06",24255,613768601,178033
"United States","2022-09-07",22446,614169956,401355
"United States","2022-09-08",118994,614602333,432377
"United States","2022-09-09",91690,615168648,566315
"United States","2022-09-10",85271,615488045,319397
"United States","2022-09-11",81941,615691059,203014
"United States","2022-09-12",22131,616243845,552786
"United States","2022-09-13",20216,616779522,535677
"United States","2022-09-14",57915,617356244,576722
"United States","2022-09-15",57983,617940516,584272
"United States","2022-09-16",89519,618646280,705764
"United States","2022-09-17",97563,618986490,340210
"United States","2022-09-18",61574,619181453,194963
"United States","2022-09-19",17572,619799773,618320
"United States","2022-09-20",20188,620430242,630469
"United States","2022-09-21",44794,621118372,688130
"United States","2022-09-22",49594,621800988,682616
"United States","2022-09-23",83979,622616170,815182
"United States","2022-09-24",99198,622997168,380998
"United States","2022-09-25",53400,623214027,216859
"United States","2022-09-26",15871,623929765,715738
"United States","2022-09-27",15295,624640495,710730
"United States","2022-09-28",37642,625374865,734370
"United States","2022-09-29",40387,626094074,719209
"United States","2022-09-30",78175,626922109,828035
"United States","2022-10-01",87152,627301508,379399
"United States","2022-10-02",46712,627510797,209289
"United States","2022-10-03",12202,628231741,720944
"United States","2022-10-04",13856,628959450,727709
"United States","2022-10-05",32368,629757129,797679
"United States","2022-10-06",37655,630535128,777999
"United States","2022-10-07",64193,631412942,877814
"United States","2022-10-08",78599,631823057,410115
"United States","2022-10-09",41711,632045454,222397
"United States","2022-10-10",11333,632787018,741564
"United States","2022-10-11",13220,633550560,763542
"United States","2022-10-12",24419,634374623,824063
"United States","2022-10-13",38156,635159624,785001
"United States","2022-10-14",57464,636051522,891898
"United States","2022-10-15",72989,636439029,387507
"United States","2022-10-16",33699,636652216,213187
"United States","2022-10-17",6050,637416156,763940
"United States","2022-10-18",11151,638178731,762575
"United States","2022-10-19",33860,638977419,798688
"United States","2022-10-20",38999,639747912,770493
"United States","2022-10-21",0,640605372,857460
"United States","2022-10-22",193674,640990400,385028
"United States","2022-10-23",0,641199944,209544
"United States","2022-10-24",0,641947260,747316
"United States","2022-10-25",0,642715816,768556
"United States","2022-10-26",0,643560650,844834
"United States","2022-10-27",0,644349693,789043
"United States","2022-10-28",255156,645210369,860676
"United States","2022-10-29",0,645582174,371805
"United States","2022-10-30",0,645776076,193902
"United States","2022-10-31",0,646384492,608416
"United States","2022-11-01",0,647024640,640148
"United States","2022-11-02",0,647681343,656703
"United States","2022-11-03",0,648323080,641737
"United States","2022-11-04",267304,649079809,756729
"United States","2022-11-05",0,649423049,343240
"United States","2022-11-06",0,649603308,180259
"United States","2022-11-07",0,650187784,584476
"United States","2022-11-08",0,650752536,564752
"United States","2022-11-09",0,651308671,556135
"United States","2022-11-10",0,651866732,558061
"United States","2022-11-11",282897,652467920,601188
"United States","2022-11-12",0,652750515,282595
"United States","2022-11-13",0,652909399,158884
"United States","2022-11-14",0,653425942,516543
"United States","2022-11-15",0,653949826,523884
"United States","2022-11-16",0,654477790,527964
"United States","2022-11-17",0,654989880,512090
"United States","2022-11-18",274984,655557955,568075
"United States","2022-11-19",0,655824941,266986
"United States","2022-11-20",0,655969930,144989
"United States","2022-11-21",0,656425345,455415
"United States","2022-11-22",0,656849167,423822
"United States","2022-11-23",0,657208062,358895
"United States","2022-11-24",0,657213970,5908
"United States","2022-11-25",300171,657461380,247410
"United States","2022-11-26",0,657652917,191537
"United States","2022-11-27",0,657771833,118916
"United States","2022-11-28",0,658107322,335489
"United States","2022-11-29",0,658455874,348552
"United States","2022-11-30",0,658889454,433580
"United States","2022-12-01",0,659277438,387984
"United States","2022-12-02",302599,659716279,438841
"United States","2022-12-03",0,659920383,204104
"United States","2022-12-04",0,660035121,114738
"United States","2022-12-05",0,660385971,350850
"United States","2022-12-06",0,660751583,365612
"United States","2022-12-07",0,661127692,376109
"United States","2022-12-08",0,661506931,379239
"United States","2022-12-09",462223,661933435,426504
"United States","2022-12-10",0,662149278,215843
"United States","2022-12-11",0,662273358,124080
"United States","2022-12-12",0,662639997,366639
"United States","2022-12-13",0,663008281,368284
"United States","2022-12-14",0,663358039,349758
"United States","2022-12-15",0,663682048,324009
"United States","2022-12-16",446014,664062673,380625
"United States","2022-12-17",0,664259895,197222
"United States","2022-12-18",0,664373850,113955
"United States","2022-12-19",0,664711486,337636
"United States","2022-12-20",0,665028939,317453
"United States","2022-12-21",0,665317901,288962
"United States","2022-12-22",0,665547079,229178
"United States","2022-12-23",508009,665700653,153574
"United States","2022-12-24",0,665739625,38972
"United States","2022-12-25",0,665742181,2556
"United States","2022-12-26",0,665852398,110217
"United States","2022-12-27",0,666118942,266544
"United States","2022-12-28",0,666380587,261645
"United States","2022-12-29",0,666644942,264355
"United States","2022-12-30",392203,666888577,243635
"United States","2022-12-31",0,666952241,63664
"United States","2023-01-01",0,666962231,9990
"United States","2023-01-02",0,667086190,123959
"United States","2023-01-03",0,667314723,228533
"United States","2023-01-04",0,667532053,217330
"United States","2023-01-05",0,667759856,227803
"United States","2023-01-06",471714,668032629,272773
"United States","2023-01-07",0,668166932,134303
"United States","2023-01-08",0,668235802,68870
"United States","2023-01-09",0,668442071,206269
"United States","2023-01-10",0,668645088,203017
"United States","2023-01-11",0,668845541,200453
"United States","2023-01-12",0,669042935,197394
"United States","2023-01-13",448092,669264387,221452
"United States","2023-01-14",0,669367918,103531
"United States","2023-01-15",0,669415509,47591
"United States","2023-01-16",0,669528573,113064
"United States","2023-01-17",0,669679540,150967
"United States","2023-01-18",0,669826716,147176
"United States","2023-01-19",0,669967935,141219
"United States","2023-01-20",308025,670125256,157321
"United States","2023-01-21",0,670190219,64963
"United States","2023-01-22",0,670221095,30876
"United States","2023-01-23",0,670340666,119571
"United States","2023-01-24",0,670463588,122922
"United States","2023-01-25",0,670578583,114995
"United States","2023-01-26",0,670699113,120530
"United States","2023-01-27",294867,670830072,130959
"United States","2023-01-28",0,670882585,52513
"United States","2023-01-29",0,670909681,27096
"United States","2023-01-30",0,671010721,101040
"United States","2023-01-31",0,671113219,102498
"United States","2023-02-01",0,671212866,99647
"United States","2023-02-02",0,671312243,99377
"United States","2023-02-03",285402,671423970,111727
"United States","2023-02-04",0,671470458,46488
"United States","2023-02-05",0,671495506,25048
"United States","2023-02-06",0,671589596,94090
"United States","2023-02-07",0,671684807,95211
"United States","2023-02-08",0,671778135,93328
"United States","2023-02-09",0,671869542,91407
"United States","2023-02-10",278228,671969526,99984
"United States","2023-02-11",0,672011939,42413
"United States","2023-02-12",0,672030694,18755
"United States","2023-02-13",0,672110032,79338
"United States","2023-02-14",0,672184132,74100
"United States","2023-02-15",0,672267033,82901
"United States","2023-02-16",0,672346061,79028
"United States","2023-02-17",254372,672434501,88440
"United States","2023-02-18",0,672468591,34090
"United States","2023-02-19",0,672486324,17733
"United States","2023-02-20",0,672548661,62337
"United States","2023-02-21",0,672624669,76008
"United States","2023-02-22",0,672696611,71942
"United States","2023-02-23",0,672767310,70699
"United States","2023-02-24",0,672846343,79033
"United States","2023-02-25",267168,672878203,31860
"United States","2023-02-26",0,672894784,16581
"United States","2023-02-27",0,672966752,71968
"United States","2023-02-28",0,673038761,72009
"United States","2023-03-01",0,673110198,71437
"United States","2023-03-02",0,673180440,70242
"United States","2023-03-03",0,673258607,78167
"United States","2023-03-04",227828,673290317,31710
"United States","2023-03-05",0,673306999,16682
"United States","2023-03-06",0,673373725,66726
"United States","2023-03-07",0,673441497,67772
"United States","2023-03-08",0,673507961,66464
"United States","2023-03-09",0,673573609,65648
"United States","2023-03-10",0,673645633,72024
"United States","2023-03-11",170593,673675506,29873
"United States","2023-03-12",0,673691159,15653
"United States","2023-03-13",0,673752611,61452
"United States","2023-03-14",0,673812827,60216
"United States","2023-03-15",0,673876699,63872
"United States","2023-03-16",0,673938204,61505
"United States","2023-03-17",0,674004866,66662
"United States","2023-03-18",126613,674031936,27070
"United States","2023-03-19",0,674046252,14316
"United States","2023-03-20",0,674106474,60222
"United States","2023-03-21",0,674166233,59759
"United States","2023-03-22",0,674225438,59205
"United States","2023-03-23",0,674283757,58319
"United States","2023-03-24",0,674348833,65076
"United States","2023-03-25",152968,674374334,25501
"United States","2023-03-26",0,674388697,14363
"United States","2023-03-27",0,674444701,56004
"United States","2023-03-28",0,674501459,56758
"United States","2023-03-29",0,674559267,57808
"United States","2023-03-30",0,674615703,56436
"United States","2023-03-31",0,674674587,58884
"United States","2023-04-01",176358,674696382,21795
"United States","2023-04-02",0,674708566,12184
"United States","2023-04-03",0,674759102,50536
"United States","2023-04-04",0,674810463,51361
"United States","2023-04-05",0,674861309,50846
"United States","2023-04-06",0,674913181,51872
"United States","2023-04-07",0,674960747,47566
"United States","2023-04-08",0,674982343,21596
"United States","2023-04-09",103472,674988543,6200
"United States","2023-04-10",0,675037992,49449
"United States","2023-04-11",0,675087206,49214
"United States","2023-04-12",0,675136008,48802
"United States","2023-04-13",0,675182462,46454
"United States","2023-04-14",0,675232286,49824
"United States","2023-04-15",0,675251980,19694
"United States","2023-04-16",104057,675261871,9891
"United States","2023-04-17",0,675304457,42586
"United States","2023-04-18",0,675347903,43446
"United States","2023-04-19",0,675391336,43433
"United States","2023-04-20",0,675450061,58725
"United States","2023-04-21",0,675530053,79992
"United States","2023-04-22",0,675573420,43367
"United States","2023-04-23",98467,675599153,25733
"United States","2023-04-24",0,675684285,85132
"United States","2023-04-25",0,675768513,84228
"United States","2023-04-26",0,675856678,88165
"United States","2023-04-27",0,675946505,89827
"United States","2023-04-28",0,676043612,97107
"United States","2023-04-29",0,676083527,39915
"United States","2023-04-30",86484,676107562,24035
"United States","2023-05-01",0,676198192,90630
"United States","2023-05-02",0,676292617,94425
"United States","2023-05-03",0,676390150,97533
"United States","2023-05-04",0,676493615,103465
"United States","2023-05-05",0,676599339,105724
"United States","2023-05-06",0,676640011,40672
"United States","2023-05-07",77165,676661397,21386
"United States","2023-05-08",0,676717031,55634
"United States","2023-05-09",0,676728782,11751
